{"cameraMode":{"drawMode":0,"name":"Shaded","section":"Shading Mode"},"sceneLighting":true,"audioPlay":false,"sceneViewState":{"m_AlwaysRefresh":false,"showFog":true,"showSkybox":true,"showFlares":true,"showImageEffects":true,"showParticleSystems":true,"showVisualEffectGraphs":true,"m_FxEnabled":true},"in2DMode":false,"pivot":{"x":73.39176177978516,"y":32.73136520385742,"z":53.48627853393555},"rotation":{"x":-0.0010941465152427555,"y":0.9709758162498474,"z":-0.23947906494140626,"w":-0.004700471647083759},"size":66.62907409667969,"orthographic":true}